<?xml version="1.0" encoding="UTF-8" standalone="yes"?>
<ModMetaData>
  <name>Desire Paths</name>
  <author>Fluffy</author>
  <supportedVersions>
    <li>1.2</li>
  </supportedVersions>
  <description>Creates packed dirt paths when colonists frequently take the same path.

&lt;size=24&gt;Features&lt;/size&gt;
Packed dirt has a higher move speed than most other ‘natural’ terrains, but it does track a lot of dirt around and has no fertility. If your colonists frequently walk through your farms, they will eventually trample the fields.

Packed dirt paths will form when colonists frequently take the same path over grass, soil, dirt and other natural terrain. The packed dirt paths will eventually degrade back into the original terrain if not walked on. In the real world, such paths are called desire paths, Elephant paths, pirate paths, or just simply shortcuts.



&lt;size=24&gt;Recommended&lt;/size&gt;
If you find that your colonists keep walking through your fields, I recommend using this together with
Path Avoid, so that you can better steer where your colonists may and may not walk.

For problematic trade caravans, you may want to use KV’s Trading Spot.

That said, if such desire paths form where you don’t want them, it’s really a sign that you need to change your base design!

&lt;size=24&gt;Known Issues&lt;/size&gt;
None

&lt;size=24&gt;For Modders&lt;/size&gt;
By default, any terrain that has the XML tag TakeFootprints’ set to true will be ‘packable’, and given enough traffic, packed dirt paths will appear. As of version 0.7.97, the mod reads a DefModExtension on terrain defs. This extension has two fields, ‘disabled’ and ‘packedTerrain’. These allow you to disable desire paths’ behaviour for a specific terrain, or specify which terrain def should be used for the created path.

This extension can either be added directly on modded terrainDefs, or be injected with a patch. Desire Paths itself uses such a patch to disable its’ behaviour for Ice terrain, so that might be a good place to start.

&lt;size=24&gt;Contributors&lt;/size&gt;

Proxyer:    Japanese Translation

&lt;size=24&gt;Version&lt;/size&gt;
This is version 0.8.106, for RimWorld 1.2.2753.

</description>
  <url>https://ludeon.com/forums/index.php?topic=16120</url>
  <packageId>fluffy.desirepaths</packageId>
  <modDependencies>
    <li>
      <packageId>brrainz.harmony</packageId>
      <displayName>Harmony</displayName>
      <steamWorkshopUrl>steam://url/CommunityFilePage/2009463077</steamWorkshopUrl>
      <downloadUrl>https://github.com/pardeike/HarmonyRimWorld/releases/latest</downloadUrl>
    </li>
  </modDependencies>
  <loadAfter>
    <li>brrainz.harmony</li>
  </loadAfter>
</ModMetaData>